{
    "objects": [],
    "spawnedObjs": [
        {
            "name": "Gem-Orange-Diamond",
            "gameObject": {
                "instanceID": -9160
            },
            "prefab": {
                "instanceID": 46450
            },
            "position": {
                "x": 46.81633758544922,
                "y": 5.285881519317627,
                "z": 43.24992752075195
            },
            "scale": {
                "x": 15.493541717529297,
                "y": 15.493541717529297,
                "z": 15.493541717529297
            },
            "isNull": false,
            "isEnabled": true
        }
    ]
}