{
    "objects": [],
    "spawnedObjs": [
        {
            "name": "Gem-Orange-Diamond",
            "gameObject": {
                "instanceID": -6060
            },
            "prefab": {
                "instanceID": 36904
            },
            "position": {
                "x": 46.81633758544922,
                "y": 5.285881519317627,
                "z": 44.30525207519531
            },
            "scale": {
                "x": 16.13773536682129,
                "y": 16.13773536682129,
                "z": 16.13773536682129
            },
            "isNull": false,
            "isEnabled": true
        }
    ]
}